{"cameraMode":{"drawMode":0,"name":"Shaded","section":"Shading Mode"},"sceneLighting":false,"audioPlay":false,"sceneViewState":{"m_AlwaysRefresh":false,"showFog":true,"showSkybox":false,"showFlares":true,"showImageEffects":true,"showParticleSystems":true,"showVisualEffectGraphs":true,"m_FxEnabled":true},"in2DMode":false,"pivot":{"x":12.147719383239746,"y":0.862539529800415,"z":19.094667434692384},"rotation":{"x":0.011999017558991909,"y":0.010498825460672379,"z":-0.00012598051398526877,"w":0.9998732805252075},"size":2.1774799823760988,"orthographic":true}